Timestamp,MPPT1_ID,MPPT1_InputVoltage,MPPT1_InputCurrent,MPPT1_OutputVoltage,MPPT1_OutputCurrent,MPPT1_FetTemp,MPPT1_ControllerTemp,MPPT1_MaxOutputVoltageSetting,MPPT1_MaxInputCurrentSetting,MPPT1_CANRxErrorCounter,MPPT1_CANTxErrorCounter,MPPT1_CANTxOverflow,MPPT1_ErrorFlags,MPPT1_LimitFlags,MPPT1_Mode,MS60S_CompensatedIrradiance,MS60S_XTilt,MS60S_YTilt,MS60S_InternalTemp
2025-04-04 16:38:48.082,600,0.35,-0.00227,0.0,-inf,23.59,29.49,147,7,0,118,3,5,0,1,369.9412536621094,0.041965365409851074,0.2826575040817261,22.855728149414062
2025-04-04 16:38:53.268,600,0.4,0.00019,0.0,inf,23.6,29.48,147,7,0,76,3,5,0,1,369.36053466796875,0.0837259292602539,0.2557419538497925,22.82635498046875
2025-04-04 16:38:58.431,600,0.35,-0.00232,0.0,-inf,23.61,29.46,147,7,0,27,3,5,0,1,368.8215026855469,-0.02874898910522461,0.3223494589328766,22.813003540039062
2025-04-04 16:39:03.563,600,1.0,-0.00194,0.49,-0.00398,23.61,29.47,147,7,0,0,3,5,0,1,367.443359375,-0.0006704330444335938,0.3226410150527954,22.842376708984375
2025-04-04 16:39:08.704,600,2.43,0.00054,1.95,0.00067,23.6,29.32,147,7,0,0,3,5,0,1,366.7516174316406,-0.001116633415222168,0.32254377007484436,22.813003540039062
2025-04-04 16:39:13.910,600,3.64,-0.00163,3.18,-0.00186,23.64,29.52,147,7,0,0,3,5,0,1,365.6166076660156,0.00044733285903930664,0.2555796205997467,22.796981811523438
2025-04-04 16:39:19.069,600,4.98,-0.00162,4.54,-0.00178,23.66,29.54,147,7,0,0,3,5,0,1,365.0048828125,-0.09582942724227905,0.24259629845619202,22.754257202148438
2025-04-04 16:39:24.255,600,6.09,-0.00142,5.66,-0.00152,23.68,29.54,147,7,0,0,3,5,0,1,364.2449645996094,0.013379216194152832,0.21508291363716125,22.767608642578125
2025-04-04 16:39:29.446,600,7.17,0.00087,6.71,0.00092,23.69,29.57,147,7,0,0,3,5,0,1,363.5823669433594,0.08372581005096436,0.24236217141151428,22.754257202148438
2025-04-04 16:39:34.608,600,7.81,0.00088,7.38,0.00094,23.71,29.55,147,7,0,0,3,5,0,1,362.39007568359375,0.07036519050598145,0.36372479796409607,22.74089813232422
2025-04-04 16:39:39.734,600,7.87,-0.00125,8.02,-0.00123,23.72,29.52,147,7,0,0,3,5,0,1,361.541015625,0.07060623168945312,0.29647934436798096,22.724876403808594
2025-04-04 16:39:44.881,600,7.79,-0.0014,8.48,-0.00128,23.74,29.5,147,7,0,0,3,5,0,1,360.673095703125,0.013379216194152832,0.28230705857276917,22.711524963378906
2025-04-04 16:39:50.083,600,7.89,-0.00244,8.88,-0.00217,23.77,29.59,147,7,0,0,3,4,1,1,359.6802978515625,0.012473225593566895,0.2819572389125824,22.68482208251953
2025-04-04 16:39:55.251,600,7.95,0.00031,9.34,0.00026,23.79,29.61,147,7,0,0,3,5,0,1,359.1414489746094,-0.0004470944404602051,0.3495301306247711,22.65544891357422
2025-04-04 16:40:00.435,600,7.94,0.00039,9.6,0.00032,23.81,29.62,147,7,0,0,3,4,1,1,358.8003234863281,0.01383274793624878,0.295933336019516,22.64209747314453
2025-04-04 16:40:05.620,600,0.35,-0.00254,0.0,-inf,23.83,29.61,147,7,0,0,3,5,0,1,358.3367614746094,0.014514029026031494,0.2560671269893646,22.628746032714844
2025-04-04 16:40:10.785,600,0.4,0.00037,0.0,inf,23.84,29.6,147,7,0,0,3,5,0,1,357.744140625,-0.041925668716430664,0.21508291363716125,22.61272430419922
2025-04-04 16:40:15.910,600,0.4,0.00051,0.0,inf,23.86,29.62,147,7,0,0,3,5,0,1,357.18218994140625,-0.04213905334472656,0.2822194993495941,22.59937286376953
2025-04-04 16:40:21.052,600,0.36,-0.00163,0.0,-inf,23.88,29.66,147,7,0,0,3,5,0,1,356.8633728027344,-0.040857553482055664,0.3231278657913208,22.586021423339844
2025-04-04 16:40:26.258,600,0.36,-0.00175,0.0,-inf,23.89,29.63,147,7,0,0,3,5,0,1,356.7056579589844,0.11191141605377197,0.282920777797699,22.572669982910156
2025-04-04 16:40:31.420,600,0.36,-0.00188,0.0,-inf,23.91,29.6,147,7,0,0,3,5,0,1,356.47412109375,0.06844210624694824,0.24173936247825623,22.572669982910156
2025-04-04 16:40:36.608,600,0.4,0.00038,0.0,inf,23.93,29.63,147,7,0,0,3,5,0,1,356.1791076660156,-0.07040470838546753,0.2550935745239258,22.529945373535156
2025-04-04 16:40:41.797,600,0.36,-0.00156,0.0,-inf,23.94,29.66,147,7,0,0,3,5,0,1,355.8707275390625,0.013379037380218506,0.3629746437072754,22.500572204589844
2025-04-04 16:40:46.956,600,0.36,-0.00144,0.0,-inf,23.95,29.64,147,7,0,0,3,5,0,1,355.6215515136719,-0.000670313835144043,0.2822194993495941,22.51659393310547
2025-04-04 16:40:52.083,600,0.36,-0.00151,0.0,-inf,23.97,29.63,147,7,0,0,3,5,0,1,355.1047668457031,0.00044733285903930664,0.24228417873382568,22.46051788330078
2025-04-04 16:40:57.228,600,0.35,-0.00228,0.0,-inf,24.0,29.66,147,7,0,0,3,5,0,1,354.3216857910156,-0.02874898910522461,0.3626538813114166,22.46051788330078
2025-04-04 16:41:02.430,600,0.35,-0.00233,0.0,-inf,24.01,29.68,147,7,0,0,3,5,0,1,353.9483337402344,0.000671088695526123,0.2826575040817261,22.444496154785156
2025-04-04 16:41:07.597,600,0.35,-0.0021,0.0,-inf,24.02,29.76,147,7,0,0,3,5,0,1,353.4976501464844,-0.02657991647720337,0.2559857666492462,22.43114471435547
2025-04-04 16:41:12.784,600,0.35,-0.00193,0.0,-inf,24.03,29.75,147,7,0,0,3,5,0,1,353.4011535644531,0.11140978336334229,0.3906591236591339,22.37506866455078
2025-04-04 16:41:17.970,600,0.35,-0.00207,0.0,-inf,24.06,29.75,147,7,0,0,3,5,0,1,352.5686950683594,-0.04021543264389038,0.2830086648464203,22.37506866455078
2025-04-04 16:41:23.132,600,0.35,-0.0021,0.0,-inf,24.04,29.57,147,7,0,0,3,5,0,1,352.0998840332031,0.00044733285903930664,0.29620611667633057,22.361717224121094
2025-04-04 16:41:28.263,600,0.36,-0.0018,0.0,-inf,24.05,29.57,147,7,0,0,3,5,0,1,351.83404541015625,-0.027014434337615967,0.3231279253959656,22.34569549560547
2025-04-04 16:41:33.404,600,0.36,-0.00163,0.0,-inf,24.1,29.8,147,7,0,0,3,5,0,1,351.7425842285156,-0.09582942724227905,0.282920777797699,22.305641174316406
2025-04-04 16:41:38.606,600,0.36,-0.00147,0.0,-inf,24.11,29.79,147,7,0,0,3,5,0,1,351.5479431152344,0.01383286714553833,0.3900904953479767,22.318992614746094
2025-04-04 16:41:43.769,600,0.36,-0.0017,0.0,-inf,24.13,29.77,147,7,0,0,3,5,0,1,351.39312744140625,-0.027014434337615967,0.3231279253959656,22.28961944580078
2025-04-04 16:41:48.958,600,0.36,-0.00151,0.0,-inf,24.14,29.78,147,7,0,0,3,5,0,1,351.1985168457031,0.042199134826660156,0.29620617628097534,22.28961944580078
2025-04-04 16:41:54.142,600,0.36,-0.00137,0.0,-inf,24.15,29.78,147,7,0,0,3,5,0,1,351.1905822753906,0.014968812465667725,0.24228417873382568,22.276268005371094
2025-04-04 16:41:59.306,600,0.36,-0.00134,0.0,-inf,24.16,29.79,147,7,0,0,3,5,0,1,350.9494934082031,0.014968812465667725,0.21558299660682678,22.24688720703125
2025-04-04 16:42:04.430,600,0.4,0.00062,0.0,inf,24.17,29.85,147,7,0,0,3,5,0,1,350.3600769042969,-0.02657991647720337,0.29620611667633057,22.230865478515625
2025-04-04 16:42:09.578,600,0.35,-0.00238,0.0,-inf,24.2,29.86,147,7,0,0,3,5,0,1,349.8478698730469,0.00044733285903930664,0.3230304419994354,22.190811157226562
2025-04-04 16:42:14.778,600,1.94,2.16575,0.92,4.59829,24.23,29.85,147,7,0,0,3,5,0,1,349.74224853515625,0.041965365409851074,0.3499455153942108,22.217514038085938
2025-04-04 16:42:19.946,600,1.99,2.16258,0.92,4.67975,24.39,29.92,147,7,0,0,3,5,0,1,349.8529052734375,-0.02701467275619507,0.28274521231651306,22.16143798828125
2025-04-04 16:42:25.132,600,1.99,2.15975,0.92,4.66942,24.61,29.91,147,7,0,0,3,5,0,1,349.3084411621094,0.0842139720916748,0.3502575755119324,22.16143798828125
2025-04-04 16:42:30.315,600,1.94,2.16021,0.92,4.53853,24.92,29.92,147,7,0,0,3,5,0,1,348.58538818359375,-0.028099417686462402,0.3495301306247711,22.11871337890625
2025-04-04 16:42:35.483,600,1.94,2.15837,0.92,4.56569,25.21,29.83,147,7,0,0,3,5,0,1,347.96697998046875,-0.0004469156265258789,0.295751690864563,22.11871337890625
2025-04-04 16:42:40.608,600,1.94,2.14874,0.92,4.52876,25.48,29.86,147,7,0,0,3,5,0,1,347.4399719238281,0.040331244468688965,0.29547953605651855,22.092010498046875
2025-04-04 16:42:45.753,600,1.93,2.1461,0.92,4.51658,25.78,29.95,147,7,0,0,3,5,0,1,347.0365905761719,0.01428687572479248,0.3499454855918884,22.092010498046875
2025-04-04 16:42:50.956,600,1.94,2.14889,0.92,4.52984,26.03,29.94,147,7,0,0,3,5,0,1,346.6119689941406,0.0011193156242370605,0.2559857964515686,22.062637329101562
2025-04-04 16:42:56.119,600,1.94,2.14411,0.91,4.53656,26.29,29.97,147,7,0,0,3,5,0,1,346.4056396484375,0.015196263790130615,0.3503616750240326,22.019912719726562
2025-04-04 16:43:01.308,600,1.98,2.14277,0.92,4.60658,26.5,30.03,147,7,0,0,3,5,0,1,346.3146057128906,0.04149782657623291,0.32283565402030945,22.019912719726562
2025-04-04 16:43:06.495,600,1.94,2.1378,0.92,4.48929,26.73,30.07,147,7,0,0,3,5,0,1,345.9395446777344,-0.06854385137557983,0.2963882088661194,22.019912719726562
2025-04-04 16:43:11.658,600,1.92,2.13256,0.9,4.56279,26.92,30.14,147,7,0,0,3,5,0,1,345.256103515625,0.07036525011062622,0.28292080760002136,21.993209838867188
2025-04-04 16:43:16.782,600,1.92,2.13028,0.9,4.56551,27.09,30.22,147,7,0,0,3,5,0,1,344.7552185058594,0.0006711483001708984,0.2963882088661194,21.9798583984375
2025-04-04 16:43:21.928,600,1.92,2.12663,0.9,4.53783,27.28,30.25,147,7,0,0,3,5,0,1,344.2459411621094,-0.06812924146652222,0.2559857666492462,21.950485229492188
2025-04-04 16:43:27.130,600,0.33,-0.00247,0.0,-inf,27.42,30.33,147,7,0,0,3,5,0,1,344.1336364746094,0.014286994934082031,0.2557419538497925,21.9371337890625
2025-04-04 16:43:32.297,600,0.34,-0.00232,0.0,-inf,27.49,30.37,147,7,0,0,3,5,0,1,343.91796875,-0.028316140174865723,0.28204455971717834,21.923782348632812
2025-04-04 16:43:37.483,600,1.93,2.12987,0.91,4.5258,27.45,30.41,147,7,0,0,3,5,0,1,343.7525634765625,-0.02939772605895996,0.29520782828330994,21.8944091796875
2025-04-04 16:43:42.666,600,1.97,2.13251,0.9,4.6401,27.42,30.44,147,7,0,0,3,5,0,1,343.89361572265625,-0.041498780250549316,0.295933336019516,21.8516845703125
2025-04-04 16:43:47.834,600,1.93,2.12991,0.91,4.53238,27.47,30.45,147,7,0,0,3,5,0,1,343.71484375,0.04290151596069336,0.32342061400413513,21.867706298828125
2025-04-04 16:43:52.959,600,1.93,2.12768,0.92,4.45838,27.57,30.52,147,7,0,0,3,5,0,1,343.59814453125,-0.040429532527923584,0.32332301139831543,21.824981689453125
2025-04-04 16:43:58.106,600,20.71,-0.00069,157.91,-9e-05,27.72,30.56,147,7,0,0,3,8,0,1,343.9088134765625,-0.040857553482055664,0.2827451527118683,21.838333129882812
2025-04-04 16:44:03.307,600,20.45,0.30927,95.63,0.06615,27.78,30.59,147,7,0,0,3,0,68,1,343.76318359375,0.04103076457977295,0.3629746437072754,21.795608520507812
2025-04-04 16:44:08.470,600,17.23,2.03117,41.09,0.85184,27.9,30.64,147,7,0,0,3,0,64,1,343.9067077636719,-0.027014493942260742,0.3635101616382599,21.768905639648438
2025-04-04 16:44:13.659,600,17.16,2.03896,41.17,0.85006,27.97,30.67,147,7,0,0,3,0,64,1,343.74359130859375,0.0011194348335266113,0.282920777797699,21.768905639648438
2025-04-04 16:44:18.847,600,17.16,2.03461,41.19,0.84788,28.0,30.76,147,7,0,0,3,0,64,1,343.63897705078125,-0.06812924146652222,0.25582319498062134,21.739524841308594
2025-04-04 16:44:24.009,600,17.16,2.031,41.19,0.84636,27.99,30.76,147,7,0,0,3,4,64,1,342.99139404296875,-0.028316140174865723,0.2822194993495941,21.739524841308594
2025-04-04 16:44:29.136,600,20.31,0.4725,21.75,0.44113,27.78,30.71,147,7,0,0,3,4,80,1,342.4281921386719,0.00044733285903930664,0.2961151897907257,21.726173400878906
2025-04-04 16:44:34.281,600,20.19,0.6052,24.21,0.50481,27.65,30.67,147,7,0,0,3,0,64,1,342.178955078125,-0.02636241912841797,0.24259629845619202,21.68077850341797
2025-04-04 16:44:39.482,600,17.28,2.01601,41.19,0.8459,27.67,30.77,147,7,0,0,3,0,64,1,342.0326843261719,-0.07081717252731323,0.24166172742843628,21.694129943847656
2025-04-04 16:44:44.648,600,17.46,1.99955,41.29,0.84547,27.69,30.76,147,7,0,0,3,0,64,1,342.01165771484375,-0.06812924146652222,0.32332301139831543,21.654075622558594
2025-04-04 16:44:49.835,600,19.82,0.97004,19.3,0.99633,27.6,30.64,147,7,0,0,3,4,80,1,342.03729248046875,0.000671088695526123,0.2963882088661194,21.63805389404297
2025-04-04 16:44:55.019,600,19.82,0.97085,19.28,0.9978,27.41,30.6,147,7,0,0,3,4,80,1,341.8568420410156,-0.041925668716430664,0.21508291363716125,21.63805389404297
2025-04-04 16:45:00.185,600,19.81,0.96985,19.29,0.99637,27.33,30.6,147,7,0,0,3,4,80,1,341.7320251464844,-0.0004469156265258789,0.3226410150527954,21.597999572753906
2025-04-04 16:45:05.313,600,19.82,0.9677,19.3,0.99392,27.29,30.6,147,7,0,0,3,4,80,1,341.82183837890625,0.014514029026031494,0.29620611667633057,21.597999572753906
2025-04-04 16:45:10.453,600,20.7,-0.00077,154.4,-0.0001,27.31,30.57,147,7,0,0,3,8,0,1,341.4999084472656,-0.041925668716430664,0.3495301604270935,21.568626403808594
2025-04-04 16:45:15.660,600,19.81,0.9735,19.28,0.99996,27.27,30.48,147,7,0,0,3,4,80,1,341.40008544921875,-0.06875103712081909,0.2826575040817261,21.555274963378906
2025-04-04 16:45:20.827,600,19.8,0.97236,19.26,0.99929,27.22,30.53,147,7,0,0,3,4,80,1,341.0508728027344,-0.02874898910522461,0.3491155505180359,21.525901794433594
2025-04-04 16:45:26.009,600,19.8,0.97202,19.26,0.9989,27.2,30.56,147,7,0,0,3,4,80,1,340.4274597167969,-0.001116633415222168,0.3223494589328766,21.525901794433594
2025-04-04 16:45:31.198,600,19.8,0.97185,19.27,0.99856,27.19,30.58,147,7,0,0,3,4,80,1,339.8198547363281,-0.027231693267822266,0.24228417873382568,21.48584747314453
2025-04-04 16:45:36.359,600,19.79,0.97147,19.26,0.99841,27.21,30.54,147,7,0,0,3,4,80,1,338.97637939453125,0.0006711483001708984,0.24236217141151428,21.48584747314453
2025-04-04 16:45:41.489,600,19.83,0.97388,19.25,1.00321,27.22,30.55,147,7,0,0,3,4,80,1,337.9787292480469,-0.06875103712081909,0.18819299340248108,21.45647430419922
2025-04-04 16:45:46.635,600,19.79,0.97211,19.26,0.99848,27.24,30.48,147,7,0,0,3,4,80,1,337.159423828125,-0.03978675603866577,0.36458519101142883,21.44312286376953
2025-04-04 16:45:51.836,600,19.78,0.97045,19.24,0.99745,27.25,30.47,147,7,0,0,3,4,80,1,336.55224609375,-0.06875103712081909,0.3904314637184143,21.429771423339844
2025-04-04 16:45:57.002,600,19.83,0.97369,19.26,1.00275,27.26,30.44,147,7,0,0,3,4,80,1,336.4805603027344,0.00044733285903930664,0.39031779766082764,21.429771423339844
2025-04-04 16:46:02.188,600,20.74,0.00196,169.03,0.00024,27.29,30.48,147,7,0,0,3,8,0,1,336.7034912109375,-0.041925668716430664,0.3495301306247711,21.41374969482422
2025-04-04 16:46:07.374,600,20.69,-0.00063,165.21,-8e-05,27.23,30.42,147,7,0,0,3,8,0,1,336.395751953125,0.014968812465667725,0.2963882088661194,21.387046813964844
2025-04-04 16:46:12.538,600,19.82,0.97347,19.24,1.00263,27.13,30.36,147,7,0,0,3,4,80,1,335.2322692871094,-0.041071414947509766,0.2824821472167969,21.344322204589844
2025-04-04 16:46:17.665,600,19.82,0.97401,19.25,1.00304,27.04,30.33,147,7,0,0,3,4,80,1,333.7457580566406,-0.0964311957359314,0.24228417873382568,21.35767364501953
2025-04-04 16:46:22.810,600,19.76,0.96999,19.23,0.99695,27.01,30.44,147,7,0,0,3,4,80,1,332.47265625,-0.02701467275619507,0.29620611667633057,21.330970764160156
2025-04-04 16:46:28.017,600,19.76,0.97009,19.23,0.99674,27.02,30.4,147,7,0,0,3,4,80,1,331.7448425292969,-0.09623068571090698,0.29620611667633057,21.301597595214844
2025-04-04 16:46:33.179,600,19.76,0.96991,19.23,0.99686,27.05,30.35,147,7,0,0,3,4,80,1,331.3626403808594,-0.03914302587509155,0.2969355285167694,21.27489471435547
2025-04-04 16:46:38.363,600,19.75,0.96911,19.22,0.99619,27.07,30.37,147,7,0,0,3,4,80,1,330.757568359375,-0.04277843236923218,0.3222523331642151,21.258872985839844
2025-04-04 16:46:43.551,600,19.76,0.96938,19.23,0.99614,27.11,30.34,147,7,0,0,3,4,80,1,330.7449035644531,-0.02657991647720337,0.35057005286216736,21.245513916015625
2025-04-04 16:46:48.713,600,19.76,0.96918,19.22,0.99612,27.15,30.32,147,7,0,0,3,4,80,1,330.84716796875,-0.02701467275619507,0.29620611667633057,21.21881103515625
2025-04-04 16:46:53.842,600,19.76,0.96906,19.22,0.99611,27.18,30.35,147,7,0,0,3,4,80,1,330.6767578125,-0.041071414947509766,0.21543991565704346,21.21881103515625
2025-04-04 16:46:58.990,600,20.66,0.08495,38.55,0.04553,27.22,30.31,147,7,0,0,3,0,65,1,330.6519470214844,-0.040215373039245605,0.282920777797699,21.202789306640625
2025-04-04 16:47:04.193,600,20.73,0.00211,168.62,0.00026,27.27,30.3,147,7,0,0,3,8,0,1,330.8896789550781,0.042199015617370605,0.36340296268463135,21.189437866210938
2025-04-04 16:47:09.357,600,20.54,0.16425,64.68,0.05217,27.22,30.28,147,7,0,0,3,0,65,1,330.645263671875,-0.06978535652160645,0.32254377007484436,21.14404296875
2025-04-04 16:47:14.542,600,1.89,2.03867,0.86,4.46964,27.15,30.25,147,7,0,0,3,5,0,1,330.2456359863281,-0.04149872064590454,0.25541746616363525,21.14404296875
2025-04-04 16:47:19.727,600,1.88,2.03799,0.86,4.4502,27.12,30.24,147,7,0,0,3,5,0,1,330.20770263671875,0.00134354829788208,0.36383211612701416,21.103988647460938
2025-04-04 16:47:24.891,600,20.47,0.29488,96.65,0.06245,27.2,30.23,147,7,0,0,3,8,68,1,330.38043212890625,-0.025491297245025635,0.35077863931655884,21.117340087890625
2025-04-04 16:47:30.019,600,20.71,0.001,167.02,0.00012,27.32,30.24,147,7,0,0,3,8,0,1,330.6067199707031,0.01428687572479248,0.2961151897907257,21.061264038085938
2025-04-04 16:47:35.160,600,20.66,-0.00113,164.86,-0.00014,27.27,30.07,147,7,0,0,3,8,0,1,330.632568359375,-0.028099477291107178,0.295751690864563,21.061264038085938
2025-04-04 16:47:40.370,600,20.66,-0.00119,163.03,-0.00015,27.24,30.26,147,7,0,0,3,8,0,1,330.6475830078125,-0.06957864761352539,0.24197262525558472,21.045242309570312
2025-04-04 16:47:45.532,600,19.74,0.97006,19.21,0.99682,27.15,30.25,147,7,0,0,3,4,80,1,330.532958984375,0.01428687572479248,0.3497377038002014,20.989166259765625
2025-04-04 16:47:50.717,600,19.74,0.96961,19.21,0.99622,27.11,30.25,147,7,0,0,3,4,80,1,330.0387268066406,-0.06812924146652222,0.32332301139831543,20.989166259765625
2025-04-04 16:47:55.904,600,19.75,0.96304,19.23,0.98906,27.12,30.24,147,7,0,0,3,4,80,1,329.3440246582031,0.014514029026031494,0.3231278657913208,20.989166259765625
2025-04-04 16:48:01.069,600,19.74,0.9686,19.21,0.99521,27.14,30.26,147,7,0,0,3,4,80,1,329.0856628417969,-0.06854385137557983,0.28274521231651306,20.949111938476562
2025-04-04 16:48:06.192,600,19.74,0.9688,19.21,0.99565,27.18,30.27,147,7,0,0,3,4,80,1,328.9971008300781,0.00044733285903930664,0.2961151897907257,20.96246337890625
2025-04-04 16:48:11.339,600,19.74,0.97029,19.22,0.99662,27.21,30.24,147,7,0,0,3,4,80,1,328.8747863769531,-0.02483689785003662,0.3510919213294983,20.906387329101562
2025-04-04 16:48:16.541,600,17.23,1.9374,25.49,1.30947,27.33,30.12,147,7,0,0,3,0,64,1,328.5470275878906,-0.041925668716430664,0.25541746616363525,20.906387329101562
2025-04-04 16:48:21.711,600,17.44,1.90322,25.34,1.31018,27.49,30.13,147,7,0,0,3,0,64,1,327.9048156738281,-0.09522676467895508,0.32361599802970886,20.87701416015625
2025-04-04 16:48:26.894,600,17.41,1.91006,25.38,1.31077,27.56,30.12,147,7,0,0,3,0,64,1,327.4564514160156,-0.02766561508178711,0.2959333658218384,20.87701416015625
2025-04-04 16:48:32.077,600,17.44,1.91509,25.41,1.31468,27.59,30.12,147,7,0,0,3,0,64,1,327.3558044433594,-0.027014493942260742,0.39077290892601013,20.863662719726562
2025-04-04 16:48:37.243,600,17.25,1.91555,25.3,1.30565,27.6,30.18,147,7,0,0,3,0,64,1,327.0909729003906,-0.027014434337615967,0.3231279253959656,20.87701416015625
2025-04-04 16:48:42.374,600,17.35,1.89835,25.27,1.30327,27.59,30.19,147,7,0,0,3,0,64,1,326.5023498535156,-0.09562867879867554,0.3503616750240326,20.820938110351562
2025-04-04 16:48:47.512,600,17.42,1.8951,25.25,1.30745,27.57,30.22,147,7,0,0,3,0,64,1,325.6036376953125,-0.000670313835144043,0.295751690864563,20.807586669921875
2025-04-04 16:48:52.718,600,17.36,1.89743,25.29,1.30261,27.55,30.26,147,7,0,0,3,0,64,1,325.0291748046875,-0.17929327487945557,0.21536841988563538,20.794235229492188
2025-04-04 16:48:57.881,600,17.38,1.89318,25.27,1.30183,27.53,30.26,147,7,0,0,3,0,64,1,324.7943420410156,-0.06688296794891357,0.24275264143943787,20.7808837890625
2025-04-04 16:49:03.067,600,17.46,1.85805,25.51,1.27182,27.5,30.16,147,7,0,0,3,0,64,1,324.60748291015625,-0.04085749387741089,0.3904314935207367,20.764862060546875
2025-04-04 16:49:08.256,600,17.41,1.89078,25.27,1.30272,27.48,30.23,147,7,0,0,3,0,64,1,324.6412048339844,-0.13871300220489502,0.295751690864563,20.73815155029297
2025-04-04 16:49:13.419,600,17.41,1.89019,25.26,1.30281,27.47,30.24,147,7,0,0,3,0,64,1,324.70953369140625,0.016107499599456787,0.32381150126457214,20.73815155029297
2025-04-04 16:49:18.543,600,17.39,1.89354,25.29,1.30196,27.44,30.17,147,7,0,0,3,0,64,1,324.2872009277344,-0.13680791854858398,0.32361599802970886,20.708778381347656
2025-04-04 16:49:23.690,600,17.41,1.88892,25.26,1.30184,27.43,30.12,147,7,0,0,3,0,64,1,323.8221130371094,-0.03978675603866577,0.2966616451740265,20.69542694091797
2025-04-04 16:49:28.894,600,17.39,1.88635,25.23,1.30041,27.42,30.1,147,7,0,0,3,0,64,1,323.2878723144531,-0.10948222875595093,0.29647934436798096,20.69542694091797
2025-04-04 16:49:34.059,600,17.38,1.88676,25.23,1.29977,27.41,30.24,147,7,0,0,3,0,64,1,322.6929931640625,-0.06854385137557983,0.3500494658946991,20.666053771972656
2025-04-04 16:49:39.246,600,17.34,1.88606,25.2,1.29794,27.41,30.23,147,7,0,0,3,0,64,1,322.0061950683594,0.0006711483001708984,0.3500494956970215,20.63935089111328
2025-04-04 16:49:44.431,600,17.29,1.88574,25.17,1.29571,27.4,30.18,147,7,0,0,3,0,64,1,321.65032958984375,-0.041498780250549316,0.3230304419994354,20.63935089111328
2025-04-04 16:49:49.595,600,17.32,1.87989,25.15,1.29453,27.41,30.28,147,7,0,0,3,0,64,1,321.4640197753906,0.04290151596069336,0.36383211612701416,20.60730743408203
2025-04-04 16:49:54.724,600,17.26,1.88292,25.13,1.29375,27.4,30.27,147,7,0,0,3,0,64,1,321.1195983886719,0.00044733285903930664,0.36340296268463135,20.56725311279297
2025-04-04 16:49:59.864,600,17.23,1.88069,25.11,1.2904,27.39,30.29,147,7,0,0,3,0,64,1,320.8481140136719,-0.09582942724227905,0.2963882088661194,20.56725311279297
2025-04-04 16:50:05.069,600,17.3,1.86975,25.07,1.28979,27.37,30.15,147,7,0,0,3,0,64,1,320.1698913574219,-0.027014493942260742,0.36340296268463135,20.551231384277344
2025-04-04 16:50:10.236,600,17.36,1.85907,25.04,1.28869,27.37,30.12,147,7,0,0,3,0,64,1,319.3524475097656,-0.027014493942260742,0.3500494658946991,20.56725311279297
2025-04-04 16:50:15.418,600,17.34,1.86917,25.05,1.29387,27.38,30.25,147,7,0,0,3,0,64,1,318.7540283203125,0.0011193156242370605,0.2963882088661194,20.52452850341797
2025-04-04 16:50:20.606,600,17.34,1.8712,25.06,1.29442,27.37,30.13,147,7,0,0,3,0,64,1,318.6986083984375,-0.04213905334472656,0.24189484119415283,20.52452850341797
2025-04-04 16:50:25.768,600,17.4,1.86685,25.08,1.2953,27.37,30.12,147,7,0,0,3,0,64,1,318.5519104003906,0.000671088695526123,0.3231278657913208,20.495155334472656
2025-04-04 16:50:30.894,600,17.28,1.87112,25.1,1.28848,27.37,30.15,147,7,0,0,3,0,64,1,318.7921447753906,-0.040429532527923584,0.2963882088661194,20.48180389404297
2025-04-04 16:50:36.043,600,17.36,1.87469,25.11,1.29625,27.36,30.11,147,7,0,0,3,0,64,1,319.17181396484375,0.0022412538528442383,0.32381150126457214,20.46845245361328
2025-04-04 16:50:41.244,600,17.34,1.87609,25.1,1.29587,27.36,30.07,147,7,0,0,3,0,64,1,319.2497253417969,-0.06709092855453491,0.32361599802970886,20.46845245361328
2025-04-04 16:50:46.410,600,17.37,1.8654,25.06,1.29343,27.37,30.15,147,7,0,0,3,0,64,1,319.0638427734375,-0.040429532527923584,0.36372479796409607,20.42572784423828
2025-04-04 16:50:51.597,600,17.35,1.86578,25.04,1.29266,27.37,30.16,147,7,0,0,3,0,64,1,318.62921142578125,-0.040215373039245605,0.3904314637184143,20.399024963378906
2025-04-04 16:50:56.781,600,17.38,1.85307,25.03,1.28677,27.39,30.26,147,7,0,0,3,0,64,1,318.3410339355469,0.06844204664230347,0.34942641854286194,20.399024963378906
2025-04-04 16:51:01.945,600,17.37,1.85304,25.04,1.28514,27.38,30.16,147,7,0,0,3,0,64,1,318.1514587402344,-0.02657991647720337,0.32332295179367065,20.38300323486328
2025-04-04 16:51:07.076,600,17.4,1.85354,25.08,1.28617,27.38,30.17,147,7,0,0,3,0,64,1,318.61981201171875,-0.028316080570220947,0.322543740272522,20.356300354003906
2025-04-04 16:51:12.215,600,17.3,1.86773,25.08,1.28826,27.38,30.17,147,7,0,0,3,0,64,1,318.8979797363281,-0.06854385137557983,0.25582319498062134,20.34027862548828
2025-04-04 16:51:17.421,600,17.24,1.88112,25.09,1.29276,27.39,30.23,147,7,0,0,3,0,64,1,318.8961181640625,-0.0952267050743103,0.2831844687461853,20.34027862548828
2025-04-04 16:51:22.583,600,17.39,1.86003,25.06,1.29059,27.39,30.23,147,7,0,0,3,0,64,1,318.7175598144531,0.00044733285903930664,0.39031779766082764,20.34027862548828
2025-04-04 16:51:27.771,600,17.35,1.85502,25.04,1.28571,27.4,30.24,147,7,0,0,3,0,64,1,317.96954345703125,-0.10908710956573486,0.35057005286216736,20.30022430419922
2025-04-04 16:51:32.961,600,17.41,1.85774,25.04,1.29134,27.4,30.24,147,7,0,0,3,0,64,1,317.5575866699219,-0.06750649213790894,0.32361599802970886,20.30022430419922
2025-04-04 16:51:38.119,600,17.36,1.86119,24.94,1.29544,27.41,30.24,147,7,0,0,3,0,64,1,317.5575866699219,-0.04021543264389038,0.4042432904243469,20.313575744628906
2025-04-04 16:51:43.249,600,17.37,1.85886,25.04,1.28971,27.4,30.15,147,7,0,0,3,0,64,1,317.6678161621094,0.013379216194152832,0.2822194993495941,20.284202575683594
2025-04-04 16:51:48.392,600,17.35,1.85739,25.06,1.28644,27.41,30.24,147,7,0,0,3,0,64,1,317.6905212402344,-0.027014493942260742,0.3500494956970215,20.25749969482422
2025-04-04 16:51:53.594,600,17.32,1.86042,25.05,1.28621,27.42,30.27,147,7,0,0,3,0,64,1,317.7392883300781,-5.960464477539063e-08,0.2555796205997467,20.228118896484375
2025-04-04 16:51:58.761,600,17.33,1.86125,25.07,1.28682,27.42,30.3,147,7,0,0,3,0,64,1,317.9463806152344,0.00134354829788208,0.29647934436798096,20.214767456054688
2025-04-04 16:52:03.947,600,17.3,1.86315,25.06,1.2863,27.43,30.3,147,7,0,0,3,0,64,1,318.043701171875,-0.10967963933944702,0.21558299660682678,20.228118896484375
2025-04-04 16:52:09.130,600,17.45,1.85077,25.04,1.28949,27.43,30.26,147,7,0,0,3,0,64,1,317.9768371582031,-0.027014493942260742,0.3500494658946991,20.201416015625
2025-04-04 16:52:14.298,600,17.31,1.86434,25.07,1.28689,27.43,30.14,147,7,0,0,3,0,64,1,318.1159973144531,0.014968812465667725,0.2963882088661194,20.172042846679688
2025-04-04 16:52:19.423,600,17.32,1.86921,25.12,1.28938,27.43,30.18,147,7,0,0,3,0,64,1,318.0147399902344,0.00134354829788208,0.24259629845619202,20.15869140625
2025-04-04 16:52:24.565,600,17.35,1.85677,25.06,1.28528,27.44,30.27,147,7,0,0,3,0,64,1,317.8074035644531,0.00179213285446167,0.3910009264945984,20.145339965820312
2025-04-04 16:52:29.772,600,17.39,1.84944,25.05,1.28404,27.45,30.29,147,7,0,0,3,0,64,1,317.3598327636719,-0.09462326765060425,0.2969355285167694,20.131988525390625
2025-04-04 16:52:34.934,600,17.37,1.84559,25.01,1.28164,27.45,30.27,147,7,0,0,3,0,64,1,317.0898132324219,-0.06709092855453491,0.35077863931655884,20.075912475585938
2025-04-04 16:52:40.121,600,17.3,1.85252,24.99,1.28255,27.43,30.16,147,7,0,0,3,0,64,1,316.91644287109375,-0.0004470944404602051,0.36286765336990356,20.089263916015625
2025-04-04 16:52:45.308,600,17.37,1.84714,25.02,1.28245,27.42,30.22,147,7,0,0,3,0,64,1,317.22418212890625,-0.09582942724227905,0.282920777797699,20.102615356445312
2025-04-04 16:52:50.471,600,17.33,1.84871,24.99,1.28171,27.42,30.23,147,7,0,0,3,0,64,1,317.0285339355469,-0.027014493942260742,0.3635101616382599,20.059890747070312
2025-04-04 16:52:55.596,600,17.34,1.84705,25.0,1.28119,27.44,30.26,147,7,0,0,3,0,64,1,316.13153076171875,0.04337024688720703,0.2966616451740265,20.059890747070312
2025-04-04 16:53:00.747,600,17.31,1.85064,25.0,1.28118,27.45,30.21,147,7,0,0,3,0,64,1,315.7668762207031,-0.0964311957359314,0.39031776785850525,20.033187866210938
2025-04-04 16:53:05.948,600,17.34,1.84182,24.96,1.27946,27.45,30.22,147,7,0,0,3,0,64,1,315.6076965332031,-0.04021543264389038,0.2830086648464203,20.033187866210938
2025-04-04 16:53:11.112,600,17.29,1.85327,25.04,1.2798,27.42,30.08,147,7,0,0,3,0,64,1,315.2772216796875,-0.09623068571090698,0.2558232247829437,20.001144409179688
2025-04-04 16:53:16.301,600,0.36,-0.00189,0.0,-inf,27.37,30.14,147,7,0,0,3,5,0,1,314.9873962402344,-0.02527320384979248,0.25647446513175964,20.017166137695312
2025-04-04 16:53:21.481,600,19.82,0.96662,19.24,0.99593,27.23,30.31,147,7,0,0,3,4,80,1,314.8977966308594,-0.11066544055938721,0.2961151897907257,19.98779296875
2025-04-04 16:53:26.647,600,0.35,-0.00185,0.0,-inf,27.13,30.29,147,7,0,0,3,5,0,1,314.421875,-0.09723204374313354,0.2419726550579071,20.001144409179688
2025-04-04 16:53:31.774,600,0.36,-0.00185,0.0,-inf,27.08,30.29,147,7,0,0,3,5,0,1,314.2731018066406,-0.06792175769805908,0.36372479796409607,19.958419799804688
2025-04-04 16:53:36.916,600,0.86,0.04046,0.47,0.07448,27.01,30.26,147,7,0,0,3,4,80,1,313.92388916015625,-0.041071414947509766,0.2961151897907257,19.931716918945312
2025-04-04 16:53:42.122,600,0.36,-0.00182,0.0,-inf,26.96,30.29,147,7,0,0,3,5,0,1,313.535888671875,-0.06875103712081909,0.39031779766082764,19.931716918945312
2025-04-04 16:53:47.285,600,19.77,0.96663,19.24,0.99336,26.92,30.26,147,7,0,0,3,4,80,1,313.3990173339844,0.0022414326667785645,0.35057005286216736,19.90234375
2025-04-04 16:53:52.472,600,19.87,0.97194,19.3,1.00102,26.89,30.26,147,7,0,0,3,4,80,1,313.1598205566406,-0.06792175769805908,0.36383211612701416,19.90234375
2025-04-04 16:53:57.660,600,0.36,-0.0013,0.0,-inf,26.91,30.25,147,7,0,0,3,5,0,1,312.69659423828125,-0.13680791854858398,0.2966616451740265,19.875640869140625
2025-04-04 16:54:02.821,600,0.35,-0.00217,0.0,-inf,26.95,30.27,147,7,0,0,3,5,0,1,312.23529052734375,-0.06750649213790894,0.36404702067375183,19.888992309570312
2025-04-04 16:54:07.950,600,0.35,-0.00196,0.0,-inf,26.93,30.25,147,7,0,0,3,5,0,1,311.83648681640625,-0.10967963933944702,0.32332295179367065,19.875640869140625
2025-04-04 16:54:13.095,600,0.35,-0.00202,0.0,-inf,26.87,30.27,147,7,0,0,3,5,0,1,311.76708984375,-0.06854385137557983,0.29620611667633057,19.846267700195312
2025-04-04 16:54:18.296,600,0.35,-0.002,0.0,-inf,26.81,30.28,147,7,0,0,3,5,0,1,311.8952331542969,-0.10967963933944702,0.32342061400413513,19.846267700195312
2025-04-04 16:54:23.464,600,0.36,-0.00184,0.0,-inf,26.74,30.21,147,7,0,0,3,5,0,1,311.8695983886719,-0.06854385137557983,0.3500494658946991,19.832916259765625
2025-04-04 16:54:28.650,600,0.36,-0.00189,0.0,-inf,26.67,30.22,147,7,0,0,3,5,0,1,311.48663330078125,0.0022414326667785645,0.3910009264945984,19.80621337890625
2025-04-04 16:54:33.835,600,0.36,-0.00197,0.0,-inf,26.6,30.25,147,7,0,0,3,5,0,1,311.0555114746094,0.014968812465667725,0.36372479796409607,19.790191650390625
2025-04-04 16:54:39.000,600,0.36,-0.00193,0.0,-inf,26.55,30.2,147,7,0,0,3,5,0,1,310.5810546875,-0.06957864761352539,0.3629746437072754,19.776840209960938
2025-04-04 16:54:44.130,600,0.36,-0.00162,0.0,-inf,26.51,30.18,147,7,0,0,3,5,0,1,309.9815979003906,-0.06750649213790894,0.32361599802970886,19.776840209960938
2025-04-04 16:54:49.272,600,0.36,-0.00168,0.0,-inf,26.45,30.18,147,7,0,0,3,5,0,1,309.5702819824219,-0.04085749387741089,0.25582319498062134,19.76348876953125
2025-04-04 16:54:54.478,600,0.36,-0.00155,0.0,-inf,26.4,30.19,147,7,0,0,3,5,0,1,309.60528564453125,-0.06957864761352539,0.3495301306247711,19.72075653076172
2025-04-04 16:54:59.637,600,0.36,-0.00158,0.0,-inf,26.34,30.12,147,7,0,0,3,5,0,1,309.7059326171875,-0.06875103712081909,0.36340296268463135,19.72075653076172
2025-04-04 16:55:04.825,600,0.36,-0.00144,0.0,-inf,26.3,30.15,147,7,0,0,3,5,0,1,309.6657409667969,-0.02636241912841797,0.32342061400413513,19.691383361816406
2025-04-04 16:55:10.013,600,0.35,-0.00213,0.0,-inf,26.27,30.13,147,7,0,0,3,5,0,1,309.3350524902344,-0.09623068571090698,0.29620611667633057,19.67803192138672
2025-04-04 16:55:15.173,600,0.35,-0.00206,0.0,-inf,26.24,30.14,147,7,0,0,3,5,0,1,308.82373046875,-0.040215373039245605,0.3503616750240326,19.67803192138672
2025-04-04 16:55:20.303,600,0.35,-0.00203,0.0,-inf,26.21,30.12,147,7,0,0,3,5,0,1,307.9710693359375,-0.10849350690841675,0.36436980962753296,19.63530731201172
2025-04-04 16:55:25.450,600,0.35,-0.00207,0.0,-inf,26.18,30.09,147,7,0,0,3,5,0,1,307.4918518066406,-0.06688284873962402,0.2966616451740265,19.63530731201172
2025-04-04 16:55:30.651,600,0.36,-0.002,0.0,-inf,26.15,30.08,147,7,0,0,3,5,0,1,307.11614990234375,-0.06792175769805908,0.32342061400413513,19.62195587158203
2025-04-04 16:55:35.817,600,0.36,-0.00168,0.0,-inf,26.13,30.07,147,7,0,0,3,5,0,1,306.7173156738281,-0.04149872064590454,0.3497377038002014,19.608604431152344
2025-04-04 16:55:41.002,600,0.36,-0.0018,0.0,-inf,26.1,30.07,147,7,0,0,3,5,0,1,306.399169921875,-0.040429532527923584,0.32361599802970886,19.608604431152344
2025-04-04 16:55:46.185,600,0.4,0.00041,0.0,inf,26.08,30.01,147,7,0,0,3,5,0,1,306.167236328125,-0.040215373039245605,0.3503616750240326,19.565879821777344
2025-04-04 16:55:51.351,600,0.36,-0.0018,0.0,-inf,26.05,29.99,147,7,0,0,3,5,0,1,305.7973937988281,-0.026362240314483643,0.4042432904243469,19.57923126220703
2025-04-04 16:55:56.478,600,0.36,-0.00149,0.0,-inf,26.03,29.99,147,7,0,0,3,5,0,1,305.5104675292969,-0.06792175769805908,0.4042433202266693,19.53917694091797
2025-04-04 16:56:01.620,600,0.36,-0.00149,0.0,-inf,26.01,30.0,147,7,0,0,3,5,0,1,305.1614685058594,0.000671088695526123,0.43081292510032654,19.552528381347656
2025-04-04 16:56:06.826,600,0.36,-0.00148,0.0,-inf,25.99,29.97,147,7,0,0,3,5,0,1,304.5426330566406,-0.025273263454437256,0.28344854712486267,19.523155212402344
2025-04-04 16:56:11.989,600,0.37,-0.00141,0.0,-inf,25.98,29.95,147,7,0,0,3,5,0,1,304.1633605957031,-0.06750655174255371,0.2831844687461853,19.509803771972656
2025-04-04 16:56:17.176,600,0.39,9e-05,0.0,inf,25.97,30.0,147,7,0,0,3,5,0,1,303.866455078125,0.07302159070968628,0.36490872502326965,19.48310089111328
2025-04-04 16:56:22.363,600,0.35,-0.00213,0.0,-inf,25.95,30.01,147,7,0,0,3,5,0,1,303.86102294921875,-0.06792175769805908,0.4042433202266693,19.49645233154297
2025-04-04 16:56:27.525,600,0.35,-0.00246,0.0,-inf,25.93,29.98,147,7,0,0,3,5,0,1,303.9487609863281,-0.06875103712081909,0.36340296268463135,19.467079162597656
2025-04-04 16:56:32.653,600,0.39,2e-05,0.0,inf,25.89,29.74,147,7,0,0,3,5,0,1,304.14691162109375,-0.0964311957359314,0.2824821472167969,19.467079162597656
2025-04-04 16:56:37.798,600,0.4,0.00026,0.0,inf,25.91,29.93,147,7,0,0,3,5,0,1,304.1975402832031,0.003591299057006836,0.3651247024536133,19.467079162597656
2025-04-04 16:56:43.000,600,0.4,0.0003,0.0,inf,25.89,29.91,147,7,0,0,3,5,0,1,304.3238220214844,-0.06709098815917969,0.32361599802970886,19.424354553222656
2025-04-04 16:56:48.167,600,0.36,-0.00181,0.0,-inf,25.87,29.87,147,7,0,0,3,5,0,1,304.3459167480469,-0.028099417686462402,0.3629746437072754,19.424354553222656
2025-04-04 16:56:53.354,600,0.36,-0.00165,0.0,-inf,25.86,29.88,147,7,0,0,3,5,0,1,304.2171325683594,-0.15029293298721313,0.36436980962753296,19.40833282470703
2025-04-04 16:56:58.539,600,0.36,-0.00167,0.0,-inf,25.85,29.85,147,7,0,0,3,5,0,1,303.80999755859375,-0.11027127504348755,0.39031779766082764,19.40833282470703
2025-04-04 16:57:03.703,600,0.36,-0.00165,0.0,-inf,25.84,29.81,147,7,0,0,3,5,0,1,303.2557373046875,-0.0241815447807312,0.36490872502326965,19.352256774902344
2025-04-04 16:57:08.832,600,0.37,-0.00127,0.0,-inf,25.83,29.78,147,7,0,0,3,5,0,1,302.78753662109375,-0.026362240314483643,0.39077290892601013,19.381629943847656
2025-04-04 16:57:13.972,600,0.36,-0.00145,0.0,-inf,25.81,29.81,147,7,0,0,3,5,0,1,302.3612365722656,-0.09562861919403076,0.3907729685306549,19.338905334472656
2025-04-04 16:57:19.179,600,0.37,-0.00141,0.0,-inf,25.8,29.8,147,7,0,0,3,5,0,1,301.8734436035156,-0.09401893615722656,0.324203222990036,19.338905334472656
2025-04-04 16:57:24.341,600,0.35,-0.00242,0.0,-inf,25.8,29.83,147,7,0,0,3,5,0,1,301.39129638671875,-0.13642579317092896,0.35077863931655884,19.338905334472656
2025-04-04 16:57:29.527,600,0.35,-0.00235,0.0,-inf,25.79,29.81,147,7,0,0,3,5,0,1,301.1914367675781,-0.10908710956573486,0.2562299072742462,19.31220245361328
2025-04-04 16:57:34.715,600,0.36,-0.00198,0.0,-inf,25.78,29.82,147,7,0,0,3,5,0,1,301.0503845214844,-0.09482455253601074,0.32361599802970886,19.31220245361328
2025-04-04 16:57:39.878,600,0.36,-0.00188,0.0,-inf,25.77,29.81,147,7,0,0,3,5,0,1,300.7147216796875,-0.13566040992736816,0.2837130129337311,19.28282928466797
2025-04-04 16:57:45.007,600,0.36,-0.00204,0.0,-inf,25.75,29.86,147,7,0,0,3,5,0,1,300.1956787109375,-0.09683185815811157,0.3500494956970215,19.26947784423828
2025-04-04 16:57:50.154,600,0.36,-0.00202,0.0,-inf,25.75,29.8,147,7,0,0,3,5,0,1,300.11834716796875,-0.13680791854858398,0.2966616749763489,19.22674560546875
2025-04-04 16:57:55.352,600,0.36,-0.00194,0.0,-inf,25.74,29.75,147,7,0,0,3,5,0,1,300.2113037109375,-0.027014493942260742,0.2963882088661194,19.240097045898438
2025-04-04 16:58:00.520,600,0.36,-0.00172,0.0,-inf,25.73,29.75,147,7,0,0,3,5,0,1,299.7956237792969,-0.15123087167739868,0.36372479796409607,19.197372436523438
2025-04-04 16:58:05.706,600,0.36,-0.00159,0.0,-inf,25.72,29.73,147,7,0,0,3,5,0,1,299.32427978515625,-0.040857553482055664,0.29620611667633057,19.22674560546875
2025-04-04 16:58:10.888,600,0.36,-0.00177,0.0,-inf,25.71,29.73,147,7,0,0,3,5,0,1,298.7625427246094,-0.026362240314483643,0.39077290892601013,19.197372436523438
2025-04-04 16:58:16.057,600,0.36,-0.00149,0.0,-inf,25.7,29.72,147,7,0,0,3,5,0,1,298.32391357421875,-0.027014493942260742,0.3635101616382599,19.197372436523438
2025-04-04 16:58:21.182,600,0.36,-0.00154,0.0,-inf,25.68,29.68,147,7,0,0,3,5,0,1,297.95635986328125,-0.06625843048095703,0.297209769487381,19.18402099609375
2025-04-04 16:58:26.328,600,0.41,0.00077,0.0,inf,25.67,29.71,147,7,0,0,3,5,0,1,297.6659240722656,-0.06709092855453491,0.28336048126220703,19.18402099609375
2025-04-04 16:58:31.530,600,0.35,-0.00262,0.0,-inf,25.67,29.73,147,7,0,0,3,5,0,1,297.31982421875,-0.1362345814704895,0.35088303685188293,19.157318115234375
2025-04-04 16:58:36.694,600,0.35,-0.00232,0.0,-inf,25.66,29.73,147,7,0,0,3,5,0,1,297.0111999511719,-0.02657991647720337,0.32332301139831543,19.14129638671875
2025-04-04 16:58:41.882,600,0.35,-0.00251,0.0,-inf,25.65,29.67,147,7,0,0,3,5,0,1,296.6703186035156,-0.06646662950515747,0.29711833596229553,19.114593505859375
2025-04-04 16:58:47.067,600,0.36,-0.00178,0.0,-inf,25.64,29.68,147,7,0,0,3,5,0,1,296.3056945800781,-0.11066544055938721,0.3226410150527954,19.14129638671875
2025-04-04 16:58:52.231,600,12.1,0.58915,11.46,0.62215,25.63,29.7,147,7,0,0,3,4,80,1,296.09796142578125,-0.09401893615722656,0.21622848510742188,19.114593505859375
2025-04-04 16:58:57.356,600,19.69,0.96996,19.16,0.99701,25.64,29.66,147,7,0,0,3,4,80,1,295.70184326171875,0.0013434886932373047,0.3502575755119324,19.101242065429688
2025-04-04 16:59:02.506,600,19.69,0.9706,19.17,0.99715,25.73,29.66,147,7,0,0,3,4,80,1,295.6833190917969,-0.06812924146652222,0.2963882088661194,19.071868896484375
2025-04-04 16:59:07.704,600,19.7,0.96931,19.17,0.9962,25.83,29.6,147,7,0,0,3,4,80,1,295.5218505859375,-0.09683191776275635,0.295933336019516,19.045166015625
2025-04-04 16:59:12.872,600,19.75,0.97208,19.17,1.00151,25.96,29.66,147,7,0,0,3,4,80,1,295.3094787597656,-0.10908710956573486,0.3912290334701538,19.071868896484375
2025-04-04 16:59:18.059,600,19.75,0.97201,19.17,1.00126,26.08,29.67,147,7,0,0,3,4,80,1,295.0411071777344,-0.09582942724227905,0.2963882088661194,19.058517456054688
2025-04-04 16:59:23.241,600,19.7,0.96885,19.18,0.99558,26.2,29.63,147,7,0,0,3,4,80,1,294.95111083984375,-0.09582942724227905,0.39065903425216675,19.029144287109375
2025-04-04 16:59:28.410,600,19.71,0.9686,19.18,0.99526,26.31,29.62,147,7,0,0,3,4,80,1,294.9165344238281,-0.09482461214065552,0.2968441843986511,19.015792846679688
2025-04-04 16:59:33.536,600,19.71,0.96873,19.18,0.99543,26.4,29.68,147,7,0,0,3,4,80,1,294.8481750488281,0.00134354829788208,0.2560671269893646,19.029144287109375
2025-04-04 16:59:38.677,600,19.7,0.96734,19.16,0.99438,26.51,29.76,147,7,0,0,3,4,80,1,294.77252197265625,0.0011193156242370605,0.36372479796409607,19.00244140625
2025-04-04 16:59:43.884,600,19.83,0.82267,19.37,0.84231,26.59,29.81,147,7,0,0,3,0,17,1,294.46978759765625,-0.10948216915130615,0.2830086648464203,19.00244140625
2025-04-04 16:59:49.046,600,20.63,-0.00101,167.86,-0.00012,26.71,29.76,147,7,0,0,3,8,0,1,293.9909362792969,-0.06646668910980225,0.3510919213294983,19.015792846679688
2025-04-04 16:59:54.233,600,20.63,-0.00131,121.76,-0.00022,26.75,29.74,147,7,0,0,3,0,69,1,293.6273498535156,-0.15179258584976196,0.2961151897907257,18.989089965820312
2025-04-04 16:59:59.420,600,20.63,-0.00093,157.99,-0.00012,26.7,29.75,147,7,0,0,3,8,0,1,293.333984375,-0.0952267050743103,0.2831844687461853,18.973068237304688
2025-04-04 17:00:04.582,600,20.64,-0.00086,156.3,-0.00011,26.62,29.82,147,7,0,0,3,8,0,1,293.3092041015625,-0.09562867879867554,0.29647934436798096,18.959716796875
2025-04-04 17:00:09.712,600,19.69,0.96748,19.15,0.99445,26.55,29.81,147,7,0,0,3,4,80,1,293.26104736328125,-0.17875134944915771,0.29647934436798096,18.930343627929688
2025-04-04 17:00:14.860,600,19.74,0.97148,19.18,1.0,26.53,29.81,147,7,0,0,3,4,80,1,293.3931579589844,-0.09522676467895508,0.4314311444759369,18.930343627929688
2025-04-04 17:00:20.058,600,19.75,0.97079,19.18,0.99991,26.55,29.8,147,7,0,0,3,4,80,1,293.8932189941406,-0.09522676467895508,0.40447771549224854,18.946365356445312
2025-04-04 17:00:25.225,600,19.76,0.96969,19.18,0.99874,26.61,29.83,147,7,0,0,3,4,80,1,293.59320068359375,-0.06709098815917969,0.2968441843986511,18.9169921875
2025-04-04 17:00:30.416,600,19.76,0.96997,19.19,0.99864,26.67,29.77,147,7,0,0,3,4,80,1,292.833251953125,-0.025491178035736084,0.32381150126457214,18.9169921875
2025-04-04 17:00:35.595,600,19.75,0.96952,19.18,0.99843,26.74,29.76,147,7,0,0,3,4,80,1,292.6815490722656,-0.040429532527923584,0.32332301139831543,18.903640747070312
2025-04-04 17:00:40.762,600,19.75,0.96974,19.19,0.9984,26.8,29.8,147,7,0,0,3,4,80,1,292.8397216796875,-0.025273263454437256,0.45877566933631897,18.890289306640625
2025-04-04 17:00:45.889,600,19.75,0.96921,19.18,0.99789,26.86,29.82,147,7,0,0,3,4,80,1,293.0245361328125,-0.15104347467422485,0.2560671269893646,18.890289306640625
2025-04-04 17:00:51.031,600,19.69,0.9652,19.16,0.99181,26.92,29.9,147,7,0,0,3,4,80,1,292.8739013671875,-0.0384984016418457,0.324203222990036,18.860912322998047
2025-04-04 17:00:56.240,600,19.69,0.96534,19.17,0.99156,26.97,29.92,147,7,0,0,3,4,80,1,292.47320556640625,-0.039143145084381104,0.36458519101142883,18.834209442138672
2025-04-04 17:01:01.400,600,19.69,0.96554,19.16,0.99235,27.03,29.93,147,7,0,0,3,4,80,1,292.1794128417969,-0.04021543264389038,0.36372479796409607,18.84756088256836
2025-04-04 17:01:06.587,600,19.7,0.9655,19.16,0.99246,27.07,29.9,147,7,0,0,3,4,80,1,291.9875183105469,0.015651702880859375,0.40447771549224854,18.84756088256836
2025-04-04 17:01:11.775,600,20.66,-0.00084,164.73,-0.00011,27.13,29.94,147,7,0,0,3,8,4,1,291.68890380859375,-0.13718968629837036,0.2830086648464203,18.818187713623047
2025-04-04 17:01:16.937,600,20.66,-0.00084,161.32,-0.00011,27.13,29.96,147,7,0,0,3,8,0,1,291.361572265625,-0.040857553482055664,0.3231278657913208,18.802165985107422
2025-04-04 17:01:22.063,600,20.66,-0.00086,159.12,-0.00011,27.05,29.91,147,7,0,0,3,8,0,1,291.15777587890625,0.0022412538528442383,0.2968441843986511,18.788814544677734
2025-04-04 17:01:27.210,600,20.66,-0.00082,157.54,-0.00011,26.95,29.88,147,7,0,0,3,8,0,1,290.6277160644531,-0.10908710956573486,0.4044778048992157,18.775463104248047
2025-04-04 17:01:32.411,600,19.7,0.96694,19.17,0.99366,26.86,29.89,147,7,0,0,3,4,80,1,290.07220458984375,-0.06688302755355835,0.32390937209129333,18.759441375732422
2025-04-04 17:01:37.581,600,19.71,0.96685,19.17,0.99375,26.81,29.92,147,7,0,0,3,4,80,1,289.6223449707031,-0.11007422208786011,0.4308130443096161,18.759441375732422
2025-04-04 17:01:42.765,600,20.37,0.29742,20.17,0.30034,26.83,29.91,147,7,0,0,3,0,81,1,289.3746032714844,-0.10967963933944702,0.39065903425216675,18.703365325927734
2025-04-04 17:01:47.948,600,20.66,-0.00062,157.88,-8e-05,26.89,29.89,147,7,0,0,3,8,0,1,289.11102294921875,-0.06750649213790894,0.36383211612701416,18.732738494873047
2025-04-04 17:01:53.114,600,20.71,0.00176,155.87,0.00023,26.87,29.89,147,7,0,0,3,8,0,1,288.9776611328125,-0.03849846124649048,0.2972097396850586,18.690013885498047
2025-04-04 17:01:58.244,600,20.69,0.00106,154.02,0.00014,26.81,29.95,147,7,0,0,3,8,0,1,288.7572021484375,-0.03978675603866577,0.32342061400413513,18.690013885498047
2025-04-04 17:02:03.384,600,20.65,-0.00122,152.59,-0.00017,26.72,29.96,147,7,0,0,3,8,0,1,288.20855712890625,-0.10849356651306152,0.2969355285167694,18.67666244506836
2025-04-04 17:02:08.590,600,20.16,0.60029,19.65,0.61584,26.64,29.92,147,7,0,0,3,4,80,1,287.7064208984375,-0.09562861919403076,0.4044778048992157,18.663311004638672
2025-04-04 17:02:13.756,600,20.16,0.59984,19.64,0.61555,26.58,29.93,147,7,0,0,3,4,80,1,287.2596740722656,0.0013434886932373047,0.3907729685306549,18.63393783569336
2025-04-04 17:02:18.939,600,20.12,0.59699,19.65,0.61124,26.58,29.98,147,7,0,0,3,4,80,1,286.6883544921875,-0.09582942724227905,0.3502575755119324,18.63393783569336
2025-04-04 17:02:24.127,600,20.12,0.59707,19.66,0.61115,26.59,29.97,147,7,0,0,3,4,80,1,286.4779052734375,-0.025927066802978516,0.36404702067375183,18.60456085205078
2025-04-04 17:02:29.291,600,20.13,0.59719,19.65,0.61155,26.61,29.94,147,7,0,0,3,4,80,1,286.2453308105469,-0.14954102039337158,0.324203222990036,18.60456085205078
2025-04-04 17:02:34.416,600,20.12,0.59676,19.65,0.61125,26.63,29.93,147,7,0,0,3,4,80,1,285.88677978515625,0.0013434886932373047,0.3503616750240326,18.577857971191406
2025-04-04 17:02:39.563,600,20.12,0.59749,19.66,0.61141,26.66,29.87,147,7,0,0,3,4,80,1,285.73297119140625,0.042199134826660156,0.40389204025268555,18.577857971191406
2025-04-04 17:02:44.765,600,20.11,0.59647,19.64,0.61083,26.68,29.89,147,7,0,0,3,4,80,1,285.1355895996094,-0.10967963933944702,0.36372479796409607,18.56450653076172
2025-04-04 17:02:49.936,600,19.86,0.80668,19.35,0.82778,26.69,29.9,147,7,0,0,3,4,80,1,284.86785888671875,-0.15160536766052246,0.3500494658946991,18.548484802246094
2025-04-04 17:02:55.119,600,19.67,0.96463,19.15,0.9908,26.72,29.91,147,7,0,0,3,4,80,1,284.6451110839844,-0.13718968629837036,0.3907729685306549,18.535133361816406
2025-04-04 17:03:00.304,600,20.0,0.67431,19.51,0.69132,26.77,29.97,147,7,0,0,3,4,80,1,284.3052673339844,-0.09562867879867554,0.3503616750240326,18.535133361816406
2025-04-04 17:03:05.469,600,20.11,0.59569,19.64,0.6098,26.81,29.99,147,7,0,0,3,4,80,1,283.9449768066406,-0.09522676467895508,0.35057005286216736,18.47905731201172
2025-04-04 17:03:10.600,600,20.11,0.59581,19.64,0.61002,26.84,29.98,147,7,0,0,3,4,80,1,283.7595520019531,-0.025927066802978516,0.36404702067375183,18.492408752441406
2025-04-04 17:03:15.740,600,20.16,0.59856,19.64,0.6144,26.86,29.97,147,7,0,0,3,4,80,1,283.3890686035156,-0.027014493942260742,0.40389204025268555,18.46570587158203
2025-04-04 17:03:20.945,600,20.12,0.59603,19.65,0.61021,26.87,30.0,147,7,0,0,3,4,80,1,283.0919494628906,-0.09623068571090698,0.3502575755119324,18.43633270263672
2025-04-04 17:03:26.111,600,20.11,0.59547,19.63,0.60988,26.88,30.01,147,7,0,0,3,4,80,1,282.99444580078125,-0.10869157314300537,0.32381150126457214,18.452354431152344
2025-04-04 17:03:31.294,600,20.11,0.59546,19.69,0.60792,26.85,29.77,147,7,0,0,3,4,80,1,282.9433898925781,-0.06750649213790894,0.2966616451740265,18.42298126220703
2025-04-04 17:03:36.483,600,20.11,0.59552,19.64,0.60971,26.89,30.03,147,7,0,0,3,4,80,1,282.9706726074219,-0.1487877368927002,0.3651247024536133,18.409629821777344
2025-04-04 17:03:41.643,600,20.11,0.59555,19.64,0.60974,26.89,30.03,147,7,0,0,3,4,80,1,282.81231689453125,-0.10908710956573486,0.2966616749763489,18.42298126220703
2025-04-04 17:03:46.771,600,20.11,0.59546,19.63,0.60992,26.89,30.03,147,7,0,0,3,4,80,1,282.64935302734375,-0.10869157314300537,0.21594125032424927,18.366901397705078
2025-04-04 17:03:51.918,600,20.11,0.59611,19.65,0.61009,26.89,30.01,147,7,0,0,3,4,80,1,282.2463684082031,0.0011193156242370605,0.36372479796409607,18.35354995727539
2025-04-04 17:03:57.120,600,20.11,0.59557,19.64,0.61003,26.88,30.05,147,7,0,0,3,4,80,1,281.94512939453125,-0.03871339559555054,0.24298736453056335,18.366901397705078
2025-04-04 17:04:02.287,600,20.11,0.59569,19.64,0.60994,26.88,30.08,147,7,0,0,3,4,80,1,281.6894226074219,-0.0384984016418457,0.324203222990036,18.340198516845703
2025-04-04 17:04:07.474,600,20.1,0.59475,19.63,0.6089,26.89,30.15,147,7,0,0,3,4,80,1,281.4687805175781,-0.13718968629837036,0.28292080760002136,18.324176788330078
2025-04-04 17:04:12.660,600,20.1,0.59457,19.62,0.60891,26.89,30.14,147,7,0,0,3,4,80,1,281.0137023925781,-0.17929327487945557,0.29620611667633057,18.31082534790039
2025-04-04 17:04:17.823,600,20.14,0.5976,19.63,0.61337,26.9,30.12,147,7,0,0,3,4,80,1,280.3552551269531,-0.09562867879867554,0.29647934436798096,18.297473907470703
2025-04-04 17:04:22.953,600,20.15,0.59778,19.63,0.6135,26.9,30.15,147,7,0,0,3,4,80,1,279.8582763671875,-0.13642579317092896,0.3238115608692169,18.281452178955078
2025-04-04 17:04:28.092,600,20.1,0.59472,19.63,0.6091,26.91,30.15,147,7,0,0,3,4,80,1,279.4259338378906,-0.17802774906158447,0.35077863931655884,18.281452178955078
2025-04-04 17:04:33.299,600,0.36,-0.00205,0.0,-inf,26.9,30.15,147,7,0,0,3,5,0,1,278.9412841796875,-0.11007422208786011,0.3635101616382599,18.26810073852539
2025-04-04 17:04:38.465,600,0.36,-0.00187,0.0,-inf,26.88,30.15,147,7,0,0,3,5,0,1,278.3570251464844,-0.06854385137557983,0.39031776785850525,18.241397857666016
2025-04-04 17:04:43.649,600,0.36,-0.00183,0.0,-inf,26.82,30.17,147,7,0,0,3,5,0,1,278.7164611816406,-0.10789930820465088,0.3646930158138275,18.241397857666016
2025-04-04 17:04:48.838,600,0.41,0.00095,0.0,inf,26.74,30.14,147,7,0,0,3,5,0,1,278.5620422363281,-0.06709092855453491,0.28336048126220703,18.212024688720703
2025-04-04 17:04:53.997,600,0.41,0.00072,0.0,inf,26.65,30.13,147,7,0,0,3,5,0,1,278.0684509277344,-0.13642579317092896,0.40471240878105164,18.22537612915039
2025-04-04 17:04:59.124,600,0.36,-0.00159,0.0,-inf,26.57,30.17,147,7,0,0,3,5,0,1,277.3424987792969,-0.10908710956573486,0.2966616451740265,18.196002960205078
2025-04-04 17:05:04.271,600,0.37,-0.0014,0.0,-inf,26.49,30.14,147,7,0,0,3,5,0,1,277.13787841796875,-0.13585186004638672,0.40506479144096375,18.18265151977539
2025-04-04 17:05:09.473,600,0.37,-0.00145,0.0,-inf,26.4,30.11,147,7,0,0,3,5,0,1,277.15972900390625,-0.04021543264389038,0.431183785200119,18.166629791259766
2025-04-04 17:05:14.640,600,0.36,-0.00214,0.0,-inf,26.35,30.18,147,7,0,0,3,5,0,1,276.63006591796875,-0.025927066802978516,0.35057005286216736,18.166629791259766
2025-04-04 17:05:19.826,600,0.36,-0.00205,0.0,-inf,26.28,30.16,147,7,0,0,3,5,0,1,276.26275634765625,-0.09522676467895508,0.32361599802970886,18.126575469970703
2025-04-04 17:05:25.009,600,0.36,-0.00211,0.0,-inf,26.21,30.16,147,7,0,0,3,5,0,1,276.3029479980469,-0.10869157314300537,0.35077863931655884,18.110549926757812
2025-04-04 17:05:30.177,600,0.35,-0.00229,0.0,-inf,26.16,30.11,147,7,0,0,3,5,0,1,276.1716613769531,0.0011194348335266113,0.39065903425216675,18.097198486328125
2025-04-04 17:05:35.302,600,0.36,-0.00213,0.0,-inf,26.12,30.09,147,7,0,0,3,5,0,1,275.475341796875,-0.06646662950515747,0.29711833596229553,18.110549926757812
2025-04-04 17:05:40.444,600,0.41,0.00078,0.0,inf,26.07,30.08,147,7,0,0,3,5,0,1,275.29132080078125,-0.06688302755355835,0.36436977982521057,18.097198486328125
2025-04-04 17:05:45.651,600,0.36,-0.0017,0.0,-inf,26.03,30.05,147,7,0,0,3,5,0,1,275.0819396972656,-0.09562861919403076,0.3907729685306549,18.083847045898438
2025-04-04 17:05:50.818,600,0.36,-0.00208,0.0,-inf,25.99,30.03,147,7,0,0,3,5,0,1,274.752685546875,-0.040857553482055664,0.3635101616382599,18.083847045898438
2025-04-04 17:05:55.999,600,0.36,-0.00203,0.0,-inf,25.96,29.98,147,7,0,0,3,5,0,1,274.242431640625,-0.03978675603866577,0.364262193441391,18.083847045898438
2025-04-04 17:06:01.187,600,0.41,0.00051,0.0,inf,25.92,29.98,147,7,0,0,3,5,0,1,273.8173522949219,-0.06750655174255371,0.2831844687461853,18.041122436523438
2025-04-04 17:06:06.350,600,0.41,0.00071,0.0,inf,25.89,29.97,147,7,0,0,3,5,0,1,273.6496276855469,-0.09623062610626221,0.40389204025268555,18.041122436523438
